,VMAF,PSNR,P1204_3_MOS,COVER_SSC,COVER_TSC,COVER_ASC,COVER_FSC,LD_PCT,SI_PCT,TI_PCT,VCA_E_PCT,VCA_H_PCT,EVCA_SC_PCT,EVCA_TC_PCT,CARS_PCT
LD_PCT,0.8292079786584442,0.7352233729620548,0.8177086192847526,0.8044240894368585,0.7713837946682374,0.7736300381262939,0.8144323309513637,1.0,0.853875959838701,0.7942020381967555,0.8176574100298745,0.481348874602253,0.6922181165863156,0.37003982837043486,0.6798144153820069
CARS_PCT,0.8214906261376351,0.7816780441885817,0.7837688098482369,0.7176645360257867,0.7243384565182491,0.6841991127131489,0.7512475901702957,0.6798144153820069,0.8604577410535932,0.8541381913745941,0.7706759886946792,0.5673079784844881,0.5525655847851095,0.3216418566123346,1.0
